#{"t_start": 1780408770.890396, "env_id": "MountainCar-v0"}
r,l,t
-200.0,200,0.079541
-200.0,200,0.152586
-200.0,200,0.224617
-200.0,200,0.295356
-200.0,200,0.366167
-200.0,200,0.436876
-200.0,200,0.511396
-200.0,200,0.582068
-200.0,200,0.653865
-200.0,200,0.724757
-200.0,200,4.161579
-200.0,200,4.232439
-200.0,200,4.302694
-200.0,200,4.37245
-200.0,200,4.443193
-200.0,200,4.512902
-200.0,200,4.583134
-200.0,200,4.654679
-200.0,200,4.724972
-200.0,200,4.794794
-200.0,200,8.212029
-200.0,200,8.282889
-200.0,200,8.354321
-200.0,200,8.425271
-200.0,200,8.49601
-200.0,200,8.566924
-200.0,200,8.637769
-200.0,200,8.709308
-200.0,200,8.779797
-200.0,200,8.85021
-200.0,200,12.259784
-200.0,200,12.333433
-200.0,200,12.404592
-200.0,200,12.475514
-200.0,200,12.546301
-200.0,200,12.61736
-200.0,200,12.688638
-200.0,200,12.760241
-200.0,200,12.830403
-200.0,200,12.901302
-200.0,200,16.303489
-200.0,200,16.373903
-200.0,200,16.445464
-200.0,200,16.516708
-200.0,200,16.587744
-200.0,200,16.66021
-200.0,200,16.730897
-200.0,200,16.801603
-200.0,200,16.887499
-200.0,200,16.956515
-200.0,200,17.026716
-200.0,200,20.424155
-200.0,200,20.494632
-200.0,200,20.565069
-200.0,200,20.63672
-200.0,200,20.707855
-200.0,200,20.779263
-200.0,200,20.850925
-200.0,200,20.922574
-200.0,200,20.993786
-200.0,200,21.065732
-200.0,200,24.478707
-200.0,200,24.551007
-200.0,200,24.622901
-200.0,200,24.694793
-200.0,200,24.767239
-200.0,200,24.840377
-200.0,200,24.913176
-200.0,200,24.985863
-200.0,200,25.057863
-200.0,200,25.131051
-200.0,200,28.543612
-200.0,200,28.61475
-200.0,200,28.686251
-200.0,200,28.760102
-200.0,200,28.831079
-200.0,200,28.902521
-200.0,200,28.973874
-200.0,200,29.044999
-200.0,200,29.117303
-200.0,200,29.188641
-200.0,200,32.585283
-200.0,200,32.669663
-200.0,200,32.837996
-200.0,200,33.005201
-200.0,200,33.173223
-200.0,200,33.340884
-200.0,200,33.508364
-200.0,200,33.67642
-200.0,200,33.844156
-200.0,200,34.01142
-200.0,200,34.178809
-200.0,200,42.415123
-200.0,200,42.58357
-200.0,200,42.751688
-200.0,200,42.91982
-200.0,200,43.088041
-200.0,200,43.255536
-200.0,200,43.42279
-200.0,200,43.590369
-200.0,200,43.758709
-200.0,200,43.925924
-200.0,200,47.368061
-200.0,200,47.440523
-200.0,200,47.512669
-200.0,200,47.585392
-200.0,200,47.659164
-200.0,200,47.731907
-200.0,200,47.80373
-200.0,200,47.876548
-200.0,200,47.949217
-200.0,200,48.022064
-200.0,200,51.406512
-200.0,200,51.477764
-200.0,200,51.549727
-200.0,200,51.621964
-200.0,200,51.694038
-200.0,200,51.765547
-200.0,200,51.836192
-200.0,200,51.907975
-200.0,200,51.978335
-200.0,200,52.049799
-200.0,200,55.43249
-200.0,200,55.502812
-200.0,200,55.574123
-200.0,200,55.647394
-200.0,200,55.718216
-200.0,200,55.790508
-200.0,200,55.86124
-200.0,200,55.93248
-200.0,200,56.003143
-200.0,200,56.073887
-200.0,200,56.14456
-200.0,200,59.50163
-200.0,200,59.572327
-200.0,200,59.645409
-200.0,200,59.716427
-200.0,200,59.787304
-200.0,200,59.858363
-200.0,200,59.92895
-200.0,200,60.000455
-200.0,200,60.071194
-200.0,200,60.148102
-200.0,200,63.537051
-200.0,200,63.608285
-200.0,200,63.680764
-200.0,200,63.751953
-200.0,200,63.822179
-200.0,200,63.894162
-200.0,200,63.964622
-200.0,200,64.036521
-200.0,200,64.107699
-200.0,200,64.17926
-200.0,200,67.543442
-200.0,200,67.613749
-200.0,200,67.686145
-200.0,200,67.757825
-200.0,200,67.829111
-200.0,200,67.901093
-200.0,200,67.971582
-200.0,200,68.043553
-200.0,200,68.114928
-200.0,200,68.186925
-200.0,200,71.564561
-200.0,200,71.63662
-200.0,200,71.707565
-200.0,200,71.779674
-200.0,200,71.850645
-200.0,200,71.922773
-200.0,200,71.994541
-200.0,200,72.066276
-200.0,200,72.136902
-200.0,200,72.208638
-200.0,200,72.278919
-200.0,200,75.634874
-200.0,200,75.707854
-200.0,200,75.780583
-200.0,200,75.852443
-200.0,200,75.923453
-200.0,200,75.995002
-200.0,200,76.065536
-200.0,200,76.136572
-200.0,200,76.206707
-200.0,200,76.277126
-200.0,200,79.633496
-200.0,200,79.706766
-200.0,200,79.778597
-200.0,200,79.850188
-200.0,200,79.92149
-200.0,200,79.993071
-200.0,200,80.064211
-200.0,200,80.13591
-200.0,200,80.213622
-200.0,200,80.285218
-200.0,200,83.665539
-200.0,200,83.735951
-200.0,200,83.806878
-200.0,200,83.876978
-200.0,200,83.947013
-200.0,200,84.017949
-200.0,200,84.088087
-200.0,200,84.158883
-200.0,200,84.229034
-200.0,200,84.299588
-200.0,200,87.663682
-200.0,200,87.734067
-200.0,200,87.804387
-200.0,200,87.875339
-200.0,200,87.945437
-200.0,200,88.015774
-200.0,200,88.086323
-200.0,200,88.158612
-200.0,200,88.230143
-200.0,200,88.301466
-200.0,200,88.371542
-200.0,200,91.74117
-200.0,200,91.811861
-200.0,200,91.883827
-200.0,200,92.051423
-200.0,200,92.218645
-200.0,200,92.38607
-200.0,200,92.552828
-200.0,200,92.719021
-200.0,200,92.885715
-200.0,200,93.052444
-200.0,200,96.443158
-200.0,200,96.513652
-200.0,200,96.584629
-200.0,200,96.656462
-200.0,200,96.727324
-200.0,200,96.798922
-200.0,200,96.874096
-200.0,200,96.944974
-200.0,200,97.016093
-200.0,200,97.103196
-200.0,200,100.433796
-200.0,200,100.504314
-200.0,200,100.574931
-200.0,200,100.645343
-200.0,200,100.71574
-200.0,200,100.7864
-200.0,200,100.857091
-200.0,200,100.927007
-200.0,200,100.997688
-200.0,200,101.068382
-200.0,200,104.411902
-200.0,200,104.482678
-200.0,200,104.554096
-200.0,200,104.625027
-200.0,200,104.696598
-200.0,200,104.767299
-200.0,200,104.838001
-200.0,200,104.908757
-200.0,200,104.979127
-200.0,200,105.050292
-200.0,200,105.120561
-200.0,200,108.46455
-200.0,200,108.535812
-200.0,200,108.607548
-200.0,200,108.680358
-200.0,200,108.753268
-200.0,200,108.825636
-200.0,200,108.898934
-200.0,200,108.971301
-200.0,200,109.044534
-200.0,200,109.117406
-200.0,200,112.467096
-200.0,200,112.538136
-200.0,200,112.609324
-200.0,200,112.681121
-200.0,200,112.751989
-200.0,200,112.854161
-200.0,200,112.927416
-200.0,200,112.997633
-200.0,200,113.067856
-200.0,200,113.138443
-200.0,200,116.469712
-200.0,200,116.540045
-200.0,200,116.610734
-200.0,200,116.682316
-200.0,200,116.75259
-200.0,200,116.823331
-200.0,200,116.894655
-200.0,200,116.965788
-200.0,200,117.036159
-200.0,200,117.106701
-200.0,200,120.457327
-200.0,200,120.527928
-200.0,200,120.59864
-200.0,200,120.669393
-200.0,200,120.740353
-200.0,200,120.8176
-200.0,200,120.893362
-200.0,200,120.963402
-200.0,200,121.033521
-200.0,200,121.105318
-200.0,200,124.436836
-200.0,200,124.511248
-200.0,200,124.581349
-200.0,200,124.652366
-200.0,200,124.723783
-200.0,200,124.795172
-200.0,200,124.86668
-200.0,200,124.938684
-200.0,200,125.009521
-200.0,200,125.081482
-200.0,200,125.152916
-200.0,200,128.486164
-200.0,200,128.55777
-200.0,200,128.629335
-200.0,200,128.701562
-200.0,200,128.772614
-200.0,200,128.844212
-200.0,200,128.915778
-200.0,200,128.986779
-200.0,200,129.059018
-200.0,200,129.130138
-200.0,200,132.466146
-200.0,200,132.537963
-200.0,200,132.609964
-200.0,200,132.682597
-200.0,200,132.754782
-200.0,200,132.826492
-200.0,200,132.898202
-200.0,200,132.969667
-200.0,200,133.041513
-200.0,200,133.113807
-200.0,200,136.455886
-200.0,200,136.527188
-200.0,200,136.598368
-200.0,200,136.67011
-200.0,200,136.741016
-200.0,200,136.811718
-200.0,200,136.882235
-200.0,200,136.953016
-200.0,200,137.023271
-200.0,200,137.094239
-200.0,200,140.431541
-200.0,200,140.506551
-200.0,200,140.578805
-200.0,200,140.651112
-200.0,200,140.722445
-200.0,200,140.794211
-200.0,200,140.865748
-200.0,200,140.937517
-200.0,200,141.008624
-200.0,200,141.079292
-200.0,200,141.149831
-200.0,200,144.485271
-200.0,200,144.562753
-200.0,200,144.63305
-200.0,200,144.703883
-200.0,200,144.774095
-200.0,200,144.844802
-200.0,200,144.914599
-200.0,200,144.985163
-200.0,200,145.055721
-200.0,200,145.12701
-200.0,200,148.463787
-200.0,200,148.535229
-200.0,200,148.606689
-200.0,200,148.678258
-200.0,200,148.749653
-200.0,200,148.820703
-200.0,200,148.891981
-200.0,200,148.963981
-200.0,200,149.035132
-200.0,200,149.106503
-200.0,200,152.446661
-200.0,200,152.517122
-200.0,200,152.588514
-200.0,200,152.660225
-200.0,200,152.731437
-200.0,200,152.801791
-200.0,200,152.87245
-200.0,200,152.942977
-200.0,200,153.014044
-200.0,200,153.087303
-200.0,200,156.417189
-200.0,200,156.488049
-200.0,200,156.55869
-200.0,200,156.62905
-200.0,200,156.700227
-200.0,200,156.770165
-200.0,200,156.840389
-200.0,200,156.914154
-200.0,200,156.991574
-200.0,200,157.061618
-200.0,200,157.131304
-200.0,200,160.451561
-200.0,200,160.523658
-200.0,200,160.594866
-200.0,200,160.665551
-200.0,200,160.736371
-200.0,200,160.807254
-200.0,200,160.878053
-200.0,200,160.949037
-200.0,200,161.019044
-200.0,200,161.091108
-200.0,200,164.41771
-200.0,200,164.487935
-200.0,200,164.557696
-200.0,200,164.627997
-200.0,200,164.69788
-200.0,200,164.767429
-200.0,200,164.836741
-200.0,200,164.906715
-200.0,200,164.976093
-200.0,200,165.046056
-200.0,200,168.365477
-200.0,200,168.436473
-200.0,200,168.507384
-200.0,200,168.57844
-200.0,200,168.649349
-200.0,200,168.721232
-200.0,200,168.791811
-200.0,200,168.86299
-200.0,200,168.934011
-200.0,200,169.005446
-200.0,200,172.331323
-200.0,200,172.402469
-200.0,200,172.47347
-200.0,200,172.545491
-200.0,200,172.616874
-200.0,200,172.688877
-200.0,200,172.760916
-200.0,200,172.832869
-200.0,200,172.904353
-200.0,200,172.976064
-200.0,200,173.048302
-200.0,200,176.386201
-200.0,200,176.456511
-200.0,200,176.527306
-200.0,200,176.598082
-200.0,200,176.667952
-200.0,200,176.740004
-200.0,200,176.811098
-200.0,200,176.882395
-200.0,200,176.95414
-200.0,200,177.026204
-200.0,200,180.358635
-200.0,200,180.429568
-200.0,200,180.500894
-200.0,200,180.575164
-200.0,200,180.648263
-200.0,200,180.720693
-200.0,200,180.792313
-200.0,200,180.864036
-200.0,200,180.935636
-200.0,200,181.006547
-200.0,200,184.344451
-200.0,200,184.414254
-200.0,200,184.484705
-200.0,200,184.555458
-200.0,200,184.625275
-200.0,200,184.696755
-200.0,200,184.767979
-200.0,200,184.840531
-200.0,200,184.911584
-200.0,200,184.982514
-200.0,200,188.337652
-200.0,200,188.40864
-200.0,200,188.479057
-200.0,200,188.550101
-200.0,200,188.620193
-200.0,200,188.690936
-200.0,200,188.760878
-200.0,200,188.830906
-200.0,200,188.905925
-200.0,200,188.975325
-200.0,200,189.044841
-200.0,200,192.372694
-200.0,200,192.442009
-200.0,200,192.512259
-200.0,200,192.581954
-200.0,200,192.667703
-200.0,200,192.738577
-200.0,200,192.808247
-200.0,200,192.878064
-200.0,200,192.947989
-200.0,200,193.017756
-200.0,200,196.363006
-200.0,200,196.43367
-200.0,200,196.503715
-200.0,200,196.575346
-200.0,200,196.646117
-200.0,200,196.719277
-200.0,200,196.790581
-200.0,200,196.861788
-200.0,200,196.932152
-200.0,200,197.0033
-200.0,200,200.372904
-200.0,200,200.444049
-200.0,200,200.513061
-200.0,200,200.582995
-200.0,200,200.659444
-200.0,200,200.732466
-200.0,200,200.803377
-200.0,200,200.873272
-200.0,200,200.944531
-200.0,200,201.014721
-200.0,200,204.3685
-200.0,200,204.439145
-200.0,200,204.509776
-200.0,200,204.580709
-200.0,200,204.650954
-200.0,200,204.722348
-200.0,200,204.792691
-200.0,200,204.863861
-200.0,200,204.934185
-200.0,200,205.005259
-200.0,200,205.076505
-200.0,200,208.428979
-200.0,200,208.498961
-200.0,200,208.569734
-200.0,200,208.641236
-200.0,200,208.716195
-200.0,200,208.850857
-200.0,200,209.018605
-200.0,200,209.186502
-200.0,200,209.353712
-200.0,200,209.520531
-200.0,200,212.879873
-200.0,200,212.951442
-200.0,200,213.022441
-200.0,200,213.094398
-200.0,200,213.165479
-200.0,200,213.23716
-200.0,200,213.308817
-200.0,200,213.380324
-200.0,200,213.451546
-200.0,200,213.523103
-200.0,200,216.86394
-200.0,200,216.93463
-200.0,200,217.005821
-200.0,200,217.079216
-200.0,200,217.151989
-200.0,200,217.224769
-200.0,200,217.297242
-200.0,200,217.369948
-200.0,200,217.441622
-200.0,200,217.513267
-200.0,200,220.847397
-200.0,200,220.918133
-200.0,200,220.98964
-200.0,200,221.060372
-200.0,200,221.132378
-200.0,200,221.202957
-200.0,200,221.274189
-200.0,200,221.346805
-200.0,200,221.417762
-200.0,200,221.489162
-200.0,200,224.977351
-200.0,200,225.047987
-200.0,200,225.119278
-200.0,200,225.190348
-200.0,200,225.261501
-200.0,200,225.333766
-200.0,200,225.404063
-200.0,200,225.475008
-200.0,200,225.544735
-200.0,200,225.614859
-200.0,200,225.685341
-200.0,200,229.047064
-200.0,200,229.117381
-200.0,200,229.188454
-200.0,200,229.258695
-200.0,200,229.329617
-200.0,200,229.400217
-200.0,200,229.469799
-200.0,200,229.540464
-200.0,200,229.628041
-200.0,200,229.698831
-200.0,200,233.078541
-200.0,200,233.14879
-200.0,200,233.218427
-200.0,200,233.288343
-200.0,200,233.358599
-200.0,200,233.429693
-200.0,200,233.499815
-200.0,200,233.570178
-200.0,200,233.641051
-200.0,200,233.712577
-200.0,200,237.080514
-200.0,200,237.150906
-200.0,200,237.22096
-200.0,200,237.291367
-200.0,200,237.361462
-200.0,200,237.432049
-200.0,200,237.503099
-200.0,200,237.575152
-200.0,200,237.646249
-200.0,200,237.717582
-200.0,200,241.102973
-200.0,200,241.173017
-200.0,200,241.243459
-200.0,200,241.314202
-200.0,200,241.384258
-200.0,200,241.45446
-200.0,200,241.524457
-200.0,200,241.594493
-200.0,200,241.664869
-200.0,200,241.735699
-200.0,200,241.805711
-200.0,200,245.192342
-200.0,200,245.263302
-200.0,200,245.33476
-200.0,200,245.405847
-200.0,200,245.476852
-200.0,200,245.547748
-200.0,200,245.618202
-200.0,200,245.689848
-200.0,200,245.762021
-200.0,200,245.835231
-200.0,200,249.283623
-200.0,200,249.355067
-200.0,200,249.425469
-200.0,200,249.495881
-200.0,200,249.565711
-200.0,200,249.635548
-200.0,200,249.706251
-200.0,200,249.776436
-200.0,200,249.846824
-200.0,200,249.918543
-200.0,200,253.37494
-200.0,200,253.445763
-200.0,200,253.516187
-200.0,200,253.586292
-200.0,200,253.656574
-200.0,200,253.728624
-200.0,200,253.799551
-200.0,200,253.870851
-200.0,200,253.941877
-200.0,200,254.013991
