#{"t_start": 1780407765.2290978, "env_id": "LunarLander-v3"}
r,l,t
-118.051684,97,0.121302
-99.121027,107,0.218743
-90.514249,78,0.288272
-175.981341,72,0.354851
-206.122347,86,0.433079
-277.882635,115,0.54237
-148.825489,67,0.603997
-462.831727,101,0.698066
-276.117858,102,0.793481
-101.224803,87,0.874845
-100.18746,84,0.952121
-367.85855,123,1.06673
-293.600095,88,1.145119
-113.166966,89,1.22541
-545.501955,119,1.342633
-161.852313,99,1.434011
-132.871022,89,1.518527
-222.709625,64,1.57811
-119.868986,61,1.636619
-204.595969,126,1.754432
-80.794819,96,1.846736
-163.49019,91,1.939378
-216.452575,91,5.554987
-326.197437,142,5.685352
-110.867738,119,5.792811
-344.870172,103,5.892002
-200.006632,86,5.972989
-202.741484,118,6.083077
-86.84093,71,6.152171
-210.948498,120,6.262491
-169.716659,115,6.369428
-96.397543,72,6.435983
-86.588563,129,6.55753
-24.415345,98,6.645753
-125.149751,71,6.708946
-86.636953,85,6.788964
-102.551487,86,6.870099
-333.700733,85,6.946792
-68.723919,106,7.046042
-240.828162,105,7.143026
-171.628272,119,7.249793
-120.13561,86,7.326707
-121.380022,63,10.777192
-88.249304,77,10.852099
-82.672981,90,10.93833
-68.487293,73,11.008969
-107.421301,95,11.096925
-83.561519,74,11.167384
-14.637903,173,11.336392
-121.829669,61,11.393958
-103.650665,91,11.479765
-59.809061,164,11.637857
-109.766447,69,11.706174
-73.663936,95,11.793484
-107.016459,79,11.874386
-244.637124,124,11.995378
-270.832199,110,12.101653
-184.561732,80,12.176178
-81.360148,66,12.239827
-112.43732,106,12.340869
-124.288549,81,12.417758
-247.41908,102,12.518184
-205.161831,118,12.630131
-99.319978,99,12.723578
-238.936504,112,16.245504
-144.874945,119,16.36794
-114.882871,92,16.458138
-112.957003,164,16.637969
-37.822112,127,16.764013
-121.149201,138,16.913896
-87.318668,100,17.020749
-11.04985,114,17.140711
15.55751,125,17.272455
-107.81093,103,17.375594
-42.745054,149,17.527921
-87.814235,129,17.657645
-99.434664,82,17.738643
-53.290179,62,17.799041
-60.440806,86,17.911563
-52.81245,120,18.088139
-92.849379,146,18.236007
-127.79606,106,21.820682
-67.569687,119,21.966987
-63.996776,82,22.057834
-25.215513,137,22.191988
-88.539875,94,22.289339
-43.750134,91,22.390205
-59.986939,111,22.509154
-62.620164,115,22.636394
-40.279247,121,22.762611
-88.340943,100,22.866805
-40.144902,105,22.977172
-79.94576,166,23.153282
-145.916052,194,23.354002
-60.763474,144,23.504221
-67.864902,99,23.61279
-57.196405,112,23.730162
-69.005944,143,23.883999
-20.27847,128,27.408132
-76.243134,77,27.488758
-25.465934,212,27.719992
-15.982042,133,27.861979
-31.962825,89,27.959295
-0.865977,110,28.083023
-31.776192,183,28.287493
-22.268366,85,28.382737
-70.245018,132,28.536201
-50.322135,153,28.706667
-36.776795,88,28.794866
-36.172306,96,28.900604
-48.700516,151,29.067516
-72.621386,112,29.195104
-57.443012,112,29.323674
-49.485093,143,29.480676
-5.426985,111,29.60903
-103.291383,242,34.679063
-60.674835,190,35.097612
-10.49915,111,35.349942
-33.6441,191,35.758225
26.111802,138,36.048596
-22.691125,208,36.524601
-68.840658,168,36.873598
-77.996497,241,37.421327
-40.285462,175,37.785339
-27.461483,155,38.108546
-37.137608,192,38.513442
-51.214969,198,42.179085
1.019798,135,42.352661
56.828205,1000,45.32011
-22.121151,174,45.653608
-57.516021,172,46.052183
111.024836,1000,51.665876
-20.866787,230,52.076458
-54.045272,246,52.68203
141.872864,925,56.271818
1.493869,153,60.014927
77.707251,1000,63.079721
52.196832,1000,70.10871
113.621998,1000,74.515763
92.983921,1000,78.652196
124.911757,1000,86.118795
138.092061,1000,90.279732
56.247777,1000,97.638312
156.47139,1000,101.449747
151.868996,1000,109.025187
217.489874,608,112.131934
120.051442,1000,120.193791
133.462111,1000,124.497639
139.758735,1000,132.202128
166.264658,1000,135.776716
141.079419,1000,142.518941
134.648907,1000,145.555104
29.8098,231,146.219926
135.217365,1000,153.355896
139.449509,1000,156.469776
135.535122,1000,163.417263
129.502365,1000,167.603868
134.856199,1000,175.147957
138.66026,1000,178.542101
245.015439,286,179.628455
288.939277,487,184.571888
154.933901,1000,187.081053
258.412041,375,187.915632
18.108675,207,188.377845
286.966005,306,189.135314
267.058958,335,193.087507
275.725104,261,193.636441
261.826654,325,194.352769
267.691166,292,194.973237
248.700239,286,195.602221
221.495817,449,196.737183
264.015706,394,200.83556
262.771939,426,201.626944
261.454183,344,202.476537
252.181659,439,203.61307
283.650795,303,204.208708
277.551932,244,204.850332
237.2436,265,208.829968
284.655957,318,209.566281
283.74068,304,210.148889
265.591446,263,210.698242
257.904188,297,211.451764
245.690059,310,212.080902
244.736587,269,212.55456
269.491637,266,216.308155
250.548064,254,216.742343
251.783233,281,217.278315
266.884432,252,217.775972
262.144642,251,218.17478
2.290201,206,218.636047
254.510897,273,219.142475
291.971718,271,219.64354
226.770154,275,223.404283
269.830399,259,223.826138
236.735531,277,224.281875
266.931381,275,224.806218
296.277146,411,225.543046
288.261441,375,226.110097
295.814037,307,229.963282
267.129945,293,230.533184
264.512021,270,230.980894
280.206079,262,231.379274
273.589215,293,231.84274
239.018852,271,232.311721
249.952912,294,232.848814
291.623167,256,236.587306
65.332508,207,236.925548
289.757738,232,237.332192
281.868754,373,237.998463
244.504164,253,238.443944
272.374722,298,238.917797
249.334106,287,239.436521
280.051397,302,239.960606
288.263238,304,243.728758
237.688111,264,244.207922
287.533877,320,244.674407
246.274755,266,245.083117
230.336836,255,245.495148
8.615344,229,245.837952
-17.625231,201,246.170866
132.06034,1000,251.320459
243.259177,268,251.838087
268.712608,280,252.331717
281.377934,408,253.014232
300.947721,266,253.476824
260.167925,267,257.329407
268.824383,249,257.843977
253.164304,261,258.302132
242.561494,417,259.043656
265.348185,267,259.61341
275.522115,238,260.121913
243.6076,255,260.559925
266.606703,239,264.238228
268.250642,274,264.722133
285.576238,294,265.286177
147.574709,1000,267.297968
244.608886,274,267.905611
293.005162,274,271.862205
259.640555,268,272.537944
249.018923,329,273.296021
286.06649,217,273.691377
275.28191,258,274.16644
274.246549,302,274.683325
271.661801,273,275.155025
264.884583,277,275.627398
261.089771,274,279.383945
258.465032,248,279.788425
254.478346,281,280.266064
253.807801,276,280.742086
251.817631,294,281.218772
282.182575,263,281.704325
250.162853,258,282.218275
283.983372,266,286.037688
226.355315,279,286.477516
289.065086,236,286.84281
284.284206,298,287.323937
261.62276,242,287.69347
229.241657,259,288.095496
275.437765,269,288.504458
282.975173,428,292.527193
222.40278,242,292.952123
258.343131,228,293.362893
250.937151,916,295.156982
259.820031,235,295.652266
253.735347,249,296.197919
238.722005,242,300.073562
252.069992,245,300.507581
266.977485,275,300.979411
285.392459,265,301.448235
275.920605,257,301.923283
256.827722,238,302.329511
47.265494,188,302.654125
265.45138,281,303.23122
277.955595,340,307.348408
264.262507,281,307.922042
270.102416,278,308.389542
152.648118,1000,310.481292
254.812936,260,310.928101
154.515829,1000,315.997073
130.598096,1000,317.735493
275.18741,239,321.466343
276.6283,271,321.936751
278.045743,267,322.379083
284.916619,261,322.854273
213.285628,350,323.546463
259.72811,255,323.990905
127.918534,1000,329.587879
257.318933,237,330.016422
225.042316,239,330.429778
276.457606,285,330.929913
274.455168,223,331.359966
261.518937,255,331.870637
278.959259,268,332.398438
289.945743,259,336.203583
286.856417,255,336.605843
281.21465,243,337.034711
256.388188,256,337.447538
258.643191,270,337.890926
263.308897,260,338.284232
289.129319,270,338.697545
292.497661,254,339.114307
286.337421,366,343.224472
269.617689,249,343.655497
169.499377,1000,345.353899
65.970534,218,345.74657
292.882988,259,346.200743
271.390712,317,350.15146
257.856175,267,350.545737
155.33528,1000,352.287848
284.079057,422,352.963547
273.325066,262,356.740716
276.004022,217,357.075149
265.337724,311,357.620038
261.821091,220,358.033359
248.905156,226,358.486179
258.457427,227,359.006743
235.509625,224,359.460078
255.952511,270,360.044534
232.555447,239,363.837451
287.133977,268,364.244995
223.024012,264,364.661111
292.634904,259,365.032126
294.923685,256,365.46254
287.96075,275,365.987456
49.430815,189,366.3392
297.682738,229,366.779557
34.827385,207,367.105294
280.69514,212,370.757658
240.963455,234,371.090946
296.74348,230,371.423615
291.5275,264,371.815807
307.600022,261,372.319229
279.218153,244,372.811157
236.08834,258,373.286645
265.847259,235,373.649786
287.066243,235,377.281729
275.844734,255,377.667228
255.296309,240,378.045889
299.56592,292,378.547655
242.538262,238,378.891047
258.891137,239,379.223726
226.118055,263,379.610835
247.475134,252,379.99058
289.579596,217,383.601513
269.254268,262,383.955604
266.938676,224,384.289315
270.867749,248,384.665721
273.374315,226,385.06785
282.787846,268,385.517532
263.020775,221,385.875044
258.825146,239,386.268354
165.28285,1000,391.52888
268.720652,294,391.997495
277.848052,252,392.411637
256.336806,281,392.87302
284.330245,243,393.280154
266.741555,256,393.738281
310.784614,293,397.523697
275.108209,293,397.991039
269.225935,249,398.374895
183.786856,1000,400.235832
286.825388,233,400.560211
279.630192,288,404.315448
238.789069,230,404.666868
306.929237,276,405.114594
264.737617,219,405.423275
248.380196,226,405.764955
278.567174,245,406.150313
273.232467,219,406.537135
272.18558,225,407.004833
283.985918,225,415.296341
271.237638,248,416.095616
292.323332,229,416.696361
234.322274,225,417.249779
276.926087,228,417.90684
269.1552,238,418.682531
274.701643,246,419.556072
301.961619,287,420.484779
290.371072,276,424.540011
283.800277,226,424.910888
250.839776,317,425.475083
294.380786,267,425.9764
287.850535,275,426.429174
286.234371,261,426.853348
274.476622,234,427.201023
289.018964,280,427.614851
256.079732,239,431.328935
277.65423,243,431.793784
271.67446,276,432.329337
54.940416,175,432.622154
299.699251,216,432.910972
239.248427,221,433.213648
306.546338,211,433.516693
251.160152,269,433.927459
279.909711,206,434.238748
258.859576,234,437.930819
278.306035,247,438.365984
266.009071,246,438.743557
250.934428,242,439.119318
247.42405,245,439.461829
266.718215,250,439.84989
313.080839,230,440.255959
270.705159,210,440.642583
291.207209,230,441.05473
288.952901,238,444.735642
248.791189,228,445.125671
271.358832,251,445.534813
278.150578,237,445.897205
255.972069,221,446.206173
269.846373,211,446.50132
258.109109,208,446.874801
266.401531,217,447.327941
276.190047,216,447.796018
262.240073,221,451.494033
134.810614,1000,453.28054
276.91421,240,453.623559
275.988621,334,454.124487
280.091686,218,454.479712
249.693561,223,458.250226
294.867278,236,458.728761
296.372906,265,459.285337
285.011017,275,459.704948
264.803086,249,460.066572
233.480725,220,460.39442
287.390681,270,460.780355
60.609298,187,461.077215
253.598482,243,464.791491
240.861406,220,465.138218
266.684583,220,465.444838
295.741801,270,465.834066
268.81816,255,466.245156
270.571828,215,466.665631
275.350674,233,467.128739
175.805076,1000,472.3557
306.102097,271,472.826184
165.254231,1000,474.728222
273.854133,271,475.175674
270.059927,239,478.846453
299.996145,249,479.197121
71.393225,191,479.460328
263.699569,207,479.781205
294.452983,254,480.250157
280.34111,232,480.70627
281.089564,246,481.150278
267.988761,240,481.522493
248.543562,223,481.881949
